,AAA,AAC,AAG,AAT,ACA,ACC,ACG,ACT,AGA,AGC,AGG,AGT,ATA,ATC,ATT,CAA,CAC,CAG,CAT,CCA,CCC,CCG,CCT,CGA,CGC,CGG,CGT,CTA,CTC,CTG,CTT,GAA,GAC,GAG,GAT,GCA,GCC,GCG,GCT,GGA,GGC,GGG,GGT,GTA,GTC,GTG,GTT,TAC,TAT,TCA,TCC,TCG,TCT,TGC,TGT,TTA,TTC,TTG,TTT
CNT2063571,0.57143,0.38095,0.45238,0.64286,0.31481,0.16667,0.27778,0.27778,0.17241,0.16239,0.2069,0.1453,0.30435,0.33333,0.3913,0.53846,0.37037,0.46154,0.74074,0.2,0.25,0.2,0.38333,0.1954,0.18391,0.11494,0.18391,0.14966,0.14966,0.19048,0.16327,0.56667,0.29412,0.56667,0.70588,0.21333,0.28,0.14667,0.41333,0.19697,0.18182,0.21212,0.4697,0.12745,0.14706,0.43137,0.32353,0.45455,0.57576,0.20513,0.1453,0.17094,0.23077,0.45833,0.56944,0.11565,0.38889,0.26531,0.65278
CNT2063572,0.48148,0.34848,0.51852,0.68182,0.37634,0.22581,0.13978,0.29032,0.34109,0.19774,0.17054,0.11299,0.18519,0.36111,0.48148,0.69697,0.43939,0.33333,0.62121,0.30769,0.21795,0.17949,0.37179,0.12403,0.069767,0.17054,0.17054,0.10606,0.12626,0.19192,0.19192,0.53846,0.37681,0.47436,0.65217,0.4086,0.2043,0.17204,0.27957,0.33333,0.16216,0.23423,0.2973,0.11905,0.18254,0.42063,0.30952,0.5,0.55556,0.23164,0.14689,0.14689,0.22599,0.41111,0.61111,0.12121,0.37398,0.29798,0.64228
CNT2063573,0.66667,0.66667,0.33333,0.83333,0.11111,0.33333,0.33333,0.44444,0.33333,0.055556,0.5,0.22222,0.25,0.5,0.25,1.1667,,0.33333,,0.5,0.33333,0.16667,0.66667,0.16667,0.5,0.33333,0.33333,0.041667,0.041667,0.33333,0.41667,0.66667,0.33333,0.83333,1.3333,0.66667,0.33333,0.16667,0.66667,0.33333,0.2,0.4,0.26667,0.083333,0.25,0.5,0.41667,0.83333,0.5,0.22222,0.16667,0.16667,0.38889,0.83333,0.83333,0.16667,0.58333,0.29167,0.5
CNT2063574,0.44444,0.19048,0.72222,0.90476,0.18182,0.33333,0.15152,0.45455,0.21569,0.051282,0.31373,0.19658,0.33333,0.2381,0.42857,0.53333,0.37037,0.66667,0.66667,0.2549,0.15686,0.17647,0.4902,0.13725,0.11765,0.19608,0.13725,0.14966,0.14966,0.14286,0.19048,0.54167,0.33333,0.5,0.7037,0.33333,0.27273,0.090909,0.42424,0.2381,0.079365,0.31746,0.44444,0.2037,0.19444,0.22222,0.38889,0.35897,0.71795,0.13675,0.23077,0.11111,0.32479,0.28986,0.73913,0.088435,0.42529,0.31973,0.5977
